{
    "CRGBSAR0548.JPG": {
        "tags": [
            "tyuikjyhyfjg"
        ],
        "metadata": {
            "gps": [
                43.064272499999994,
                47.27515929997222
            ]
        }
    },
    "CRGBSAR0547.JPG": {
        "tags": [
            "tyuikjyhyfjg"
        ],
        "metadata": {
            "gps": [
                43.064252199972216,
                47.275274299972224
            ]
        }
    },
    "CRGBSAR0546.JPG": {
        "tags": [
            "tyuikjyhyfjg"
        ],
        "metadata": {
            "gps": [
                43.06423199997222,
                47.27538779997222
            ]
        }
    },
    "CRGBSAR0545.JPG": {
        "tags": [
            "tyuikjyhyfjg"
        ],
        "metadata": {
            "gps": [
                43.064206199999994,
                47.275481599972224
            ]
        }
    },
    "CRGBSAR0544.JPG": {
        "tags": [
            "tyuikjyhyfjg"
        ],
        "metadata": {
            "gps": [
                43.06416349997222,
                47.275544599999996
            ]
        }
    },
    "CRGBSAR0543.JPG": {
        "tags": [
            "tyuikjyhyfjg"
        ],
        "metadata": {
            "gps": [
                43.06412739997222,
                47.2755919
            ]
        }
    },
    "CRGBSAR0542.JPG": {
        "tags": [
            "tyuikjyhyfjg"
        ],
        "metadata": {
            "gps": [
                43.064086799972216,
                47.275646999972224
            ]
        }
    },
    "CRGBSAR0541.JPG": {
        "tags": [
            "tyuikjyhyfjg"
        ],
        "metadata": {
            "gps": [
                43.064051799999994,
                47.27569979997222
            ]
        }
    },
    "CRGBSAR0540.JPG": {
        "tags": [
            "tyuikjyhyfjg"
        ],
        "metadata": {
            "gps": [
                43.06403009997222,
                47.27573569997222
            ]
        }
    },
    "CRGBSAQ0539.JPG": {
        "tags": [
            "tyuikjyhyfjg"
        ],
        "metadata": {
            "gps": [
                43.064453,
                47.275955299972225
            ]
        }
    },
    "GMKHBSIG8021.JPG": {
        "tags": [
            "stdhsrthstr. rstssdg",
            "rstgsrgtsrgt",
            "srtgsrgrtserrgt",
            "sretgsrgtsretgsrg"
        ],
        "metadata": {
            "gps": [
                43.221246,
                46.6057818
            ]
        }
    },
    "GGDOT2SBC6392.JPG": {
        "tags": [
            "stdhsrthstr. rstssdg",
            "rstgsrgtsrgt",
            "srtgsrgrtserrgt",
            "sretgsrgtsretgsrg"
        ],
        "metadata": {
            "gps": [
                42.930263599999996,
                47.5291841
            ]
        }
    },
    "GSAASAB8476.JPG": {
        "tags": [
            "stdhsrthstr. rstssdg",
            "rstgsrgtsrgt",
            "srtgsrgrtserrgt",
            "sretgsrgtsretgsrg"
        ],
        "metadata": {
            "gps": [
                42.97367479997222,
                47.45099799997222
            ]
        }
    },
    "GP25SCP0983.JPG": {
        "tags": [
            "stdhsrthstr. rstssdg",
            "rstgsrgtsrgt",
            "srtgsrgrtserrgt",
            "sretgsrgtsretgsrg"
        ],
        "metadata": {
            "gps": [
                42.4818762,
                47.9130496
            ]
        }
    },
    "GMKHBSWE9202.JPG": {
        "tags": [
            "stdhsrthstr. rstssdg",
            "rstgsrgtsrgt",
            "srtgsrgrtserrgt",
            "sretgsrgtsretgsrg"
        ],
        "metadata": {
            "gps": [
                43.267217,
                46.6102585
            ]
        }
    },
    "GMKHBSOC3721.JPG": {
        "tags": [
            "stdhsrthstr. rstssdg",
            "rstgsrgtsrgt",
            "srtgsrgrtserrgt",
            "sretgsrgtsretgsrg"
        ],
        "metadata": {
            "gps": [
                43.215332899972225,
                46.5737217
            ]
        }
    },
    "GP77SAB0598.JPG": {
        "tags": [
            "stdhsrthstr. rstssdg",
            "rstgsrgtsrgt",
            "srtgsrgrtserrgt",
            "sretgsrgtsretgsrg"
        ],
        "metadata": {
            "gps": [
                42.970179,
                47.512584199972224
            ]
        }
    },
    "GP16SCB3723.JPG": {
        "tags": [
            "stdhsrthstr. rstssdg",
            "rstgsrgtsrgt",
            "srtgsrgrtserrgt",
            "sretgsrgtsretgsrg"
        ],
        "metadata": {
            "gps": [
                42.559653499999996,
                47.864755399972225
            ]
        }
    },
    "GSAASMN8434.JPG": {
        "tags": [
            "stdhsrthstr. rstssdg",
            "rstgsrgtsrgt",
            "srtgsrgrtserrgt",
            "sretgsrgtsretgsrg"
        ],
        "metadata": {
            "gps": [
                42.9722536,
                47.42052859997222
            ]
        }
    },
    "GGNTSHSBX4782.JPG": {
        "tags": [
            "stdhsrthstr. rstssdg",
            "rstgsrgtsrgt",
            "srtgsrgrtserrgt",
            "sretgsrgtsretgsrg"
        ],
        "metadata": {
            "gps": [
                43.2504982,
                46.56663979997222
            ]
        }
    },
    "GSBK1145.JPG": {
        "tags": [
            "stdhsrthstr. rstssdg",
            "rstgsrgtsrgt",
            "srtgsrgrtserrgt",
            "sretgsrgtsretgsrg"
        ],
        "metadata": {
            "gps": [
                43.0672117,
                47.3433087
            ]
        }
    },
    "GAAAZXCCVSON5676.JPG": {
        "tags": [
            "stdhsrthstr. rstssdg",
            "rstgsrgtsrgt",
            "srtgsrgrtserrgt",
            "sretgsrgtsretgsrg"
        ],
        "metadata": {
            "gps": [
                43.24698829997222,
                46.56515009997222
            ]
        }
    },
    "GGWP1SAZ0346.JPG": {
        "tags": [
            "stdhsrthstr. rstssdg",
            "rstgsrgtsrgt",
            "srtgsrgrtserrgt",
            "sretgsrgtsretgsrg"
        ],
        "metadata": {
            "gps": [
                42.68093629997222,
                46.942083699972216
            ]
        }
    },
    "GMKHBSAX3580.JPG": {
        "tags": [
            "stdhsrthstr. rstssdg",
            "rstgsrgtsrgt",
            "srtgsrgrtserrgt",
            "sretgsrgtsretgsrg"
        ],
        "metadata": {
            "gps": [
                43.03651339997222,
                47.3210965
            ]
        }
    },
    "GP11SBA3204.JPG": {
        "tags": [
            "stdhsrthstr. rstssdg",
            "rstgsrgtsrgt",
            "srtgsrgrtserrgt",
            "sretgsrgtsretgsrg"
        ],
        "metadata": {
            "gps": [
                43.274051899999996,
                46.6101248
            ]
        }
    },
    "GSZIGMASIM4095.JPG": {
        "tags": [
            "stdhsrthstr. rstssdg",
            "rstgsrgtsrgt",
            "srtgsrgrtserrgt",
            "sretgsrgtsretgsrg"
        ],
        "metadata": {
            "gps": [
                43.19741129997222,
                47.4760057
            ]
        }
    },
    "GMKHBSAI5624.JPG": {
        "tags": [
            "stdhsrthstr. rstssdg",
            "rstgsrgtsrgt",
            "srtgsrgrtserrgt",
            "sretgsrgtsretgsrg"
        ],
        "metadata": {
            "gps": [
                43.016542,
                47.30744769997222
            ]
        }
    },
    "GSAASGZ3283.JPG": {
        "tags": [
            "stdhsrthstr. rstssdg",
            "rstgsrgtsrgt",
            "srtgsrgrtserrgt",
            "sretgsrgtsretgsrg"
        ],
        "metadata": {
            "gps": [
                42.9625659,
                47.37652229997222
            ]
        }
    },